﻿{
    "name": "Slight Sunset",
    "dataColors": [
        "#F9A030",
        "#EF443A",
        "#D21B61",
        "#892577",
        "#533f8e",
        "#585b5b",
        "#a2aaab"
    ],
    "visualStyles": {
        "*": { 
            "*": { 
                "background": [{
                    "show": false
                }],
                "title": [{
                    "show": false
                }],
                "categoryAxis": [{
                    "fontsize": 10,
                    "labelColor": { "expr":{"ThemeDataColor":{"ColorId":1,"Percent":0.2}}}
                }],
                "valueAxis": [{
                    "fontsize": 10,
                    "labelColor": { "expr":{"ThemeDataColor":{"ColorId":1,"Percent":0.2}}}
                }]
            }
        },
        "card": {
            "*": { 
                "labels": [{ 
                    "fontSize": 28,
                    "color":{ "expr":{"ThemeDataColor":{"ColorId":1,"Percent":0.2}}}
                }]        
            }
        }
    }
}

