{
    "name": "BlueGradient",

    "dataColors": [
		"#5F6366",
		"#4D6D9A",
		"#86B3D1",
		"#F1F2F2",
		"#99CED3",
		"#EDB5BF",
		"#9B9E9F"
    ],

    "visualStyles": {
        "page": {
            "*": {
                "background": [
                    {
                        "color": {
                            "solid": {
                                "color": "#F1F2F2"
                            }
                        }
                    }
                ]
            }
        }
    }
}