﻿{
    "name": "BlueTriad",

    "dataColors": [

	"#DCEAF5",
	"#547FA0",
	"#81A7C5",
	"#FFF8E3",
	"#FFEBE3",
	"#F9D97A",
	"#FFE8A2",
	"#F99E7A"
    ],

    "visualStyles": {
        "page": {
            "*": {
                "background": [
                    {
                        "color": {
                            "solid": {
                                "color": "#B1CCE1"
                            }
                        }
                    }
                ]
            }
        }
    }
}