﻿{
    "name": "BlueGradient",

    "dataColors": [
		"#DCEAF5",
		"#81A7C5",
		"#547FA0",
		"#FBFDFF",
		"#B1CCE1",
		"#163147",
		"#071E2F",
		"#00060B"
    ],

    "visualStyles": {
        "page": {
            "*": {
                "background": [
                    {
                        "color": {
                            "solid": {
                                "color": "#B1CCE1"
                            }
                        }
                    }
                ]
            }
        }
    }
}